Blade No.,Measured Angles
1,1.780078
2,1.909625
3,1.714951
4,1.797712
5,1.750724
6,2.028946
7,1.882012
8,1.710417
9,2.008980
